<PersonalInfo>
    <person sr="1">
        <name>John Doe</name>
        <address>
            <flat></flat>
            <house>#38</house>
            <road>#3</road>
            <location>Banani,Dhaka</location>
        </address>
        <department>Sales</department>
        <salary>$20000</salary>
    </person>
    <person sr="2">
        <name>Mark Zuckerberg</name>
        <address>
            <flat>#A/1</flat>
            <house>#20</house>
            <road>#20</road>
            <location>Mirpur,Dhaka</location>
        </address>
        <department>Accounts</department>
        <salary>$12000</salary>
    </person>
    <person sr="3">
        <name>Ala Voski</name>
        <address>
            <flat></flat>
            <house>#38</house>
            <road>#3</road>
            <location>Mothijhel</location>
        </address>
        <department>Human Resource</department>
        <salary>$30000</salary>
    </person>
</PersonalInfo>