<DataSheet>
    <product sr="1">
        <id>11</id>
        <name>Samsung</name>
        <unit_price>35000</unit_price>
        <stock>50</stock>
        <status>1</status>
    </product>
    <product sr="2">
        <id>11</id>
        <name>HTC</name>
        <unit_price>65000</unit_price>
        <stock>35</stock>
        <status>100</status>
    </product>
    <product sr="3">
        <id>11</id>
        <name>Nokia</name>
        <unit_price>25100</unit_price>
        <stock>100</stock>
        <status>1</status>
    </product> 
</DataSheet>